{
  "bundles": [
    {
      "archives": [
        {
          "checksum": {
            "sha1": "3c63a6002dea894616292bb25d6b375dba0290f1"
          },
          "host_os": "all",
          "size": 30527,
          "url": "https://storage.googleapis.com/nativeclient-mirror/nacl/nacl_sdk/trunk.314836/sdk_tools.tgz"
        }
      ],
      "description": "Native Client SDK Tools, revision 314836",
      "name": "sdk_tools",
      "recommended": "yes",
      "revision": 314836,
      "stability": "stable",
      "version": 1
    }
  ],
  "manifest_version": 2
}
